[
{
    "pk": 1, 
    "model": "suggestion.datatype", 
    "fields": {
        "data_subtype": "aa", 
        "data_type": "Protein"
    }
},
{
    "pk": 3, 
    "model": "suggestion.datatype", 
    "fields": {
        "data_subtype": "dna", 
        "data_type": "Nucleotide"
    }
},
{
    "pk": 4, 
    "model": "suggestion.datatype", 
    "fields": {
        "data_subtype": "rna", 
        "data_type": "Nucleotide"
    }
},
{
    "pk": 5, 
    "model": "suggestion.datatype", 
    "fields": {
        "data_subtype": "mrna", 
        "data_type": "Nucleotide"
    }
},
{
    "pk": 7, 
    "model": "suggestion.datatype", 
    "fields": {
        "data_subtype": "cdna", 
        "data_type": "Nucleotide"
    }
},
{
    "pk": 8, 
    "model": "suggestion.datatype", 
    "fields": {
        "data_subtype": "est", 
        "data_type": "Nucleotide"
    }
},
{
    "pk": 9, 
    "model": "suggestion.datatype", 
    "fields": {
        "data_subtype": "rnaseq", 
        "data_type": "Nucleotide"
    }
},
{
    "pk": 10, 
    "model": "suggestion.datatype", 
    "fields": {
        "data_subtype": "rnaseq", 
        "data_type": "Nucleotide"
    }
},
{
    "pk": 1, 
    "model": "suggestion.filetype", 
    "fields": {
        "filetype_name": "fasta"
    }
},
{
    "pk": 2, 
    "model": "suggestion.filetype", 
    "fields": {
        "filetype_name": "fastq"
    }
},
{
    "pk": 3, 
    "model": "suggestion.filetype", 
    "fields": {
        "filetype_name": "gff"
    }
},
{
    "pk": 4, 
    "model": "suggestion.filetype", 
    "fields": {
        "filetype_name": "gtf"
    }
},
{
    "pk": 5, 
    "model": "suggestion.filetype", 
    "fields": {
        "filetype_name": "sam"
    }
},
{
    "pk": 6, 
    "model": "suggestion.filetype", 
    "fields": {
        "filetype_name": "bam"
    }
},
{
    "pk": 7, 
    "model": "suggestion.filetype", 
    "fields": {
        "filetype_name": ".aln"
    }
},
{
    "pk": 8, 
    "model": "suggestion.filetype", 
    "fields": {
        "filetype_name": ".prfl"
    }
},
{
    "pk": 9, 
    "model": "suggestion.filetype", 
    "fields": {
        "filetype_name": "psl"
    }
},
{
    "pk": 10, 
    "model": "suggestion.filetype", 
    "fields": {
        "filetype_name": "cfg"
    }
},
{
    "pk": 11, 
    "model": "suggestion.filetype", 
    "fields": {
        "filetype_name": "wig"
    }
},
{
    "pk": 12, 
    "model": "suggestion.filetype", 
    "fields": {
        "filetype_name": "ebwt"
    }
},
{
    "pk": 13, 
    "model": "suggestion.filetype", 
    "fields": {
        "filetype_name": "cxb"
    }
},
{
    "pk": 14, 
    "model": "suggestion.filetype", 
    "fields": {
        "filetype_name": "bed"
    }
},
{
    "pk": 15, 
    "model": "suggestion.filetype", 
    "fields": {
        "filetype_name": "tracking"
    }
},
{
    "pk": 16, 
    "model": "suggestion.filetype", 
    "fields": {
        "filetype_name": "refmap"
    }
},
{
    "pk": 17, 
    "model": "suggestion.filetype", 
    "fields": {
        "filetype_name": "tmap"
    }
},
{
    "pk": 18, 
    "model": "suggestion.filetype", 
    "fields": {
        "filetype_name": "info"
    }
},
{
    "pk": 19, 
    "model": "suggestion.filetype", 
    "fields": {
        "filetype_name": "detail"
    }
},
{
    "pk": 20, 
    "model": "suggestion.filetype", 
    "fields": {
        "filetype_name": "predict"
    }
},
{
    "pk": 21, 
    "model": "suggestion.filetype", 
    "fields": {
        "filetype_name": "delta"
    }
},
{
    "pk": 22, 
    "model": "suggestion.filetype", 
    "fields": {
        "filetype_name": "pdf"
    }
},
{
    "pk": 23, 
    "model": "suggestion.filetype", 
    "fields": {
        "filetype_name": "png"
    }
},
{
    "pk": 24, 
    "model": "suggestion.filetype", 
    "fields": {
        "filetype_name": "fig"
    }
},
{
    "pk": 25, 
    "model": "suggestion.filetype", 
    "fields": {
        "filetype_name": "ps"
    }
},
{
    "pk": 26, 
    "model": "suggestion.filetype", 
    "fields": {
        "filetype_name": "filter"
    }
},
{
    "pk": 27, 
    "model": "suggestion.filetype", 
    "fields": {
        "filetype_name": "gp"
    }
},
{
    "pk": 28, 
    "model": "suggestion.filetype", 
    "fields": {
        "filetype_name": "fplot"
    }
},
{
    "pk": 29, 
    "model": "suggestion.filetype", 
    "fields": {
        "filetype_name": "rplot"
    }
},
{
    "pk": 30, 
    "model": "suggestion.filetype", 
    "fields": {
        "filetype_name": "stdout"
    }
},
{
    "pk": 31, 
    "model": "suggestion.filetype", 
    "fields": {
        "filetype_name": "msa"
    }
},
{
    "pk": 32, 
    "model": "suggestion.filetype", 
    "fields": {
        "filetype_name": "hmm"
    }
},
{
    "pk": 33, 
    "model": "suggestion.filetype", 
    "fields": {
        "filetype_name": "h3*"
    }
},
{
    "pk": 34, 
    "model": "suggestion.filetype", 
    "fields": {
        "filetype_name": "bcf"
    }
},
{
    "pk": 35, 
    "model": "suggestion.filetype", 
    "fields": {
        "filetype_name": "vcf"
    }
},
{
    "pk": 36, 
    "model": "suggestion.filetype", 
    "fields": {
        "filetype_name": "razf"
    }
},
{
    "pk": 37, 
    "model": "suggestion.filetype", 
    "fields": {
        "filetype_name": "bai"
    }
},
{
    "pk": 1, 
    "model": "suggestion.biotool", 
    "fields": {
        "date_added": "2014-07-08T18:58:50.109Z", 
        "tool_name": "Augustus", 
        "purpose": "Gene Prediction - Eukaryotic"
    }
},
{
    "pk": 2, 
    "model": "suggestion.biotool", 
    "fields": {
        "date_added": "2014-07-08T18:59:45.610Z", 
        "tool_name": "Bowtie", 
        "purpose": "Sequence Alignment"
    }
},
{
    "pk": 3, 
    "model": "suggestion.biotool", 
    "fields": {
        "date_added": "2014-07-08T19:00:35.654Z", 
        "tool_name": "TopHat", 
        "purpose": "RNA-seq read mapper"
    }
},
{
    "pk": 4, 
    "model": "suggestion.biotool", 
    "fields": {
        "date_added": "2014-07-08T19:01:01.757Z", 
        "tool_name": "Cufflinks", 
        "purpose": "RNA-seq Transcript assembly, differential expression & regulation"
    }
},
{
    "pk": 5, 
    "model": "suggestion.biotool", 
    "fields": {
        "date_added": "2014-07-08T19:02:08.545Z", 
        "tool_name": "Glimmer", 
        "purpose": "Gene Prediction - Prokaryotic"
    }
},
{
    "pk": 6, 
    "model": "suggestion.biotool", 
    "fields": {
        "date_added": "2014-07-08T19:02:43.896Z", 
        "tool_name": "NUCmer", 
        "purpose": "DNA Sequence Alignment"
    }
},
{
    "pk": 7, 
    "model": "suggestion.biotool", 
    "fields": {
        "date_added": "2014-07-08T19:03:52.406Z", 
        "tool_name": "PROmer", 
        "purpose": "Align 6-frame translated DNA sequences"
    }
},
{
    "pk": 8, 
    "model": "suggestion.biotool", 
    "fields": {
        "date_added": "2014-07-08T19:04:44.847Z", 
        "tool_name": "RNAmmer", 
        "purpose": "Predict rRNA genes"
    }
},
{
    "pk": 9, 
    "model": "suggestion.biotool", 
    "fields": {
        "date_added": "2014-07-08T19:05:05.714Z", 
        "tool_name": "HMMER", 
        "purpose": "Homology Search"
    }
},
{
    "pk": 10, 
    "model": "suggestion.biotool", 
    "fields": {
        "date_added": "2014-07-08T19:05:33.849Z", 
        "tool_name": "ScanProsite", 
        "purpose": "Search Protein Sequence against motif database"
    }
},
{
    "pk": 11, 
    "model": "suggestion.biotool", 
    "fields": {
        "date_added": "2014-07-08T19:05:54.288Z", 
        "tool_name": "Samtools", 
        "purpose": "manipulate SAM/BAM files"
    }
},
{
    "pk": 12, 
    "model": "suggestion.biotool", 
    "fields": {
        "date_added": "2014-07-08T19:06:27.458Z", 
        "tool_name": "bcftools", 
        "purpose": "manipulate BCF/VCF files"
    }
},
{
    "pk": 13, 
    "model": "suggestion.biotool", 
    "fields": {
        "date_added": "2014-07-08T19:06:47.258Z", 
        "tool_name": "GeneMarkS", 
        "purpose": "Gene Prediction - Prokaryotic"
    }
},
{
    "pk": 14, 
    "model": "suggestion.biotool", 
    "fields": {
        "date_added": "2014-07-08T19:06:59.585Z", 
        "tool_name": "GeneMarkES", 
        "purpose": "Gene Prediction - Eukaryotic"
    }
},
{
    "pk": 1, 
    "model": "suggestion.toolfiletype", 
    "fields": {
        "tool": 1, 
        "required": true, 
        "io_type": "i", 
        "datatypes": 1, 
        "filetype": 1
    }
},
{
    "pk": 2, 
    "model": "suggestion.toolfiletype", 
    "fields": {
        "tool": 1, 
        "required": false, 
        "io_type": "o", 
        "datatypes": 3, 
        "filetype": 3
    }
},
{
    "pk": 3, 
    "model": "suggestion.toolfiletype", 
    "fields": {
        "tool": 1, 
        "required": false, 
        "io_type": "o", 
        "datatypes": 3, 
        "filetype": 4
    }
},
{
    "pk": 4, 
    "model": "suggestion.toolfiletype", 
    "fields": {
        "tool": 2, 
        "required": true, 
        "io_type": "i", 
        "datatypes": 3, 
        "filetype": 1
    }
},
{
    "pk": 5, 
    "model": "suggestion.toolfiletype", 
    "fields": {
        "tool": 2, 
        "required": true, 
        "io_type": "i", 
        "datatypes": 3, 
        "filetype": 2
    }
},
{
    "pk": 6, 
    "model": "suggestion.toolfiletype", 
    "fields": {
        "tool": 2, 
        "required": false, 
        "io_type": "o", 
        "datatypes": 3, 
        "filetype": 5
    }
},
{
    "pk": 7, 
    "model": "suggestion.toolfiletype", 
    "fields": {
        "tool": 2, 
        "required": false, 
        "io_type": "o", 
        "datatypes": 3, 
        "filetype": 2
    }
}
]
